Workbook

Sheet Sobre
B2: Potencial de Creche por Município (PCM): dados de construção do indicador
B3: Material suplementar. Dados municipais usados no cálculo do indicador e na distribuição das unidades do Programa Infância Feliz Paraná.
B5: Aba | C5: Conteúdo
B6: 1 Indicadores | C6: Nove indicadores brutos dos 399 municípios, com as variáveis de origem, organizados pelos três fatores.
B7: 2 Fator educacional | C7: Indicadores normalizados de 0 a 100 e cálculo do fator educacional (F_E), com fórmulas.
B8: 3 Fator demográfico | C8: Indicadores normalizados de 0 a 100 e cálculo do fator demográfico (F_D), com fórmulas.
B9: 4 Fator socioeconômico | C9: Indicadores normalizados de 0 a 100 e cálculo do fator socioeconômico (F_S), com fórmulas.
B10: 5 PCM | C10: Agregação dos três fatores no PCM, com posição no estado e na faixa de porte.
B11: 6 Distribuição | C11: Creches atribuídas por município em cada versão da distribuição e na lista publicada.
B12: 7 Resumo por porte | C12: Totais por faixa de porte, calculados com fórmulas a partir das abas anteriores.
B14: Método
B15: Normalização mínimo-máximo de 0 a 100, com extremos dados pelos 399 municípios. Nos indicadores de sentido inverso (cobertura de creche, matrícula na pré-escola e no fundamental, oferta privada e IPDM), o município de menor valor recebe 100. Exceção: na planilha de cálculo, PC e TN são divididos pelo maior valor municipal (× 100), o que só coincidiria com o mínimo-máximo se o menor valor fosse zero, como na MI.
B16: Fator educacional: F_E = normalização de [(2 × MC + MP + OP) / 4]. Fator demográfico: F_D = normalização de [(MI + PC + TN) / 3]. Fator socioeconômico: F_S = normalização de [(BP + CU + IR) / 3].
B17: PCM = (2 × F_E + F_D + 2 × F_S) / 500, entre 0 e 1.
B18: Os indicadores normalizados das abas 2 a 4 são os valores das planilhas de cálculo do estudo; fatores e PCM são recalculados por fórmula e reproduzem exatamente os valores do estudo.
B19: Na planilha de cálculo, a coluna rotulada como população de 0 a 4 anos contém a população de 5 a 14 anos do Censo Demográfico 2022 (1.497.164 pessoas no estado) e entra no indicador PC e nas cotas dos portes grandes. Calculado com a população de 0 a 4 anos e com o mínimo-máximo também em PC e TN, o PCM teria correlação de postos de 0,99 com o adotado, e 153 dos 157 municípios selecionados nas faixas de menor porte se manteriam.
B21: Fontes
B22: MC, MP, OP | C22: Inep, Censo Escolar 2023; IBGE, Censo Demográfico 2022
B23: MI | C23: Ministério da Saúde, SIM e Sinasc (Datasus), 2020
B24: PC | C24: IBGE, Censo Demográfico 2022
B25: TN | C25: Ipardes, Base de Dados do Estado, 2022
B26: BP, CU | C26: Ministério da Saúde, Sisvan e condicionalidades de saúde do Bolsa Família, 2023
B27: IR | C27: Ipardes, IPDM 2021, dimensão renda, emprego e produção agropecuária
B28: Distribuição | C28: Planilhas de cálculo do estudo (março e maio de 2024) e Resolução SEDEF nº 219/2024
B30: Cores das abas
B31: Fator educacional
B32: Fator demográfico
B33: Fator socioeconômico
B34: Indicador agregado

Sheet 1 Indicadores
A1: Indicadores brutos por município
A2: Valores de origem dos nove indicadores do PCM e variáveis auxiliares. Proporções em percentual.
A4: Município | F4: Fator educacional | L4: Fator demográfico | O4: Fator socioeconômico
A5: Código IBGE | B5: Município | C5: Porte | D5: População total (2022) | E5: População de 0 a 4 anos (2022) | F5: Matrículas em creche (2023) | G5: MC: cobertura de creche | H5: MP: matrícula pré-escola e fundamental por criança de 5 a 14 anos | I5: Estabelecimentos privados com creche | J5: Estabelecimentos com creche | K5: OP: oferta privada | L5: MI: mortalidade infantil (por mil) | M5: PC: proporção de crianças de 5 a 14 anos | N5: TN: taxa de natalidade (por mil) | O5: BP: baixo peso para a idade | P5: Crianças no CadÚnico a acompanhar | Q5: CU: crianças no CadÚnico | R5: IR: IPDM renda, emprego e produção
A6: 4100103 | B6: Abatiá | C6: P2 | D6: 7241 | E6: 470 | F6: 151 | G6: 0.3212766 | H6: 1.083151 | I6: 1 | J6: 2 | K6: 0.5 | L6: 0 | M6: 0.12622566 | N6: 11.19 | O6: 0.045454545 | P6: 280 | Q6: 0.29661017 | R6: 0.41007672
A7: 4100202 | B7: Adrianópolis | C7: P2 | D7: 6256 | E7: 397 | F7: 59 | G7: 0.14861461 | H7: 0.99014239 | I7: 1 | J7: 2 | K7: 0.5 | L7: 0 | M7: 0.1459399 | N7: 11.19 | O7: 0.024390244 | P7: 241 | Q7: 0.29176755 | R7: 0.53345404
A8: 4100301 | B8: Agudos do Sul | C8: P2 | D8: 10233 | E8: 706 | F8: 105 | G8: 0.14872521 | H8: 1.1059379 | I8: 1 | J8: 2 | K8: 0.5 | L8: 0 | M8: 0.14482556 | N8: 14.95 | O8: 0.071428571 | P8: 501 | Q8: 0.34291581 | R8: 0.38104276
A9: 4100400 | B9: Almirante Tamandaré | C9: M1 | D9: 119825 | E9: 8185 | F9: 918 | G9: 0.11215638 | H9: 0.74734338 | I9: 4 | J9: 24 | K9: 0.16666667 | L9: 7.54 | M9: 0.15785521 | N9: 13.09 | O9: 0.029713115 | P9: 3173 | Q9: 0.17445569 | R9: 0.42542019
A10: 4100459 | B10: Altamira do Paraná | C10: P1 | D10: 3590 | E10: 209 | F10: 53 | G10: 0.25358852 | H10: 1.0985011 | I10: 1 | J10: 2 | K10: 0.5 | L10: 19.23 | M10: 0.13008357 | N10: 11.98 | O10: 0.047619048 | P10: 139 | Q10: 0.30549451 | R10: 0.39366654
A11: 4128625 | B11: Alto Paraíso | C11: P1 | D11: 3055 | E11: 205 | F11: 91 | G11: 0.44390244 | H11: 1.2110092 | I11: 1 | J11: 2 | K11: 0.5 | L11: 30.3 | M11: 0.14271686 | N11: 18.66 | O11: 0.074074074 | P11: 128 | Q11: 0.29157175 | R11: 0.49395377
A12: 4100608 | B12: Alto Paraná | C12: P2 | D12: 13909 | E12: 939 | F12: 269 | G12: 0.28647497 | H12: 1.0712428 | I12: 1 | J12: 6 | K12: 0.16666667 | L12: 11.11 | M12: 0.13825581 | N12: 11.86 | O12: 0.0086206897 | P12: 562 | Q12: 0.29625725 | R12: 0.40340382
A13: 4100707 | B13: Alto Piquiri | C13: P2 | D13: 9727 | E13: 642 | F13: 235 | G13: 0.36604361 | H13: 1.1076198 | I13: 1 | J13: 6 | K13: 0.16666667 | L13: 7.58 | M13: 0.13087283 | N13: 12.34 | O13: 0.041666667 | P13: 354 | Q13: 0.28028504 | R13: 0.45795584
A14: 4100509 | B14: Altônia | C14: P2 | D14: 18742 | E14: 1054 | F14: 196 | G14: 0.18595825 | H14: 1.1488227 | I14: 9 | J14: 10 | K14: 0.9 | L14: 8.89 | M14: 0.12010458 | N14: 10.99 | O14: 0 | P14: 398 | Q14: 0.1803353 | R14: 0.40104356
A15: 4100806 | B15: Alvorada do Sul | C15: P2 | D15: 10326 | E15: 578 | F15: 222 | G15: 0.38408304 | H15: 1.0893471 | I15: 1 | J15: 4 | K15: 0.25 | L15: 0 | M15: 0.11272516 | N15: 8.91 | O15: 0.016393443 | P15: 308 | Q15: 0.25860621 | R15: 0.40941086
A16: 4100905 | B16: Amaporã | C16: P1 | D16: 4762 | E16: 311 | F16: 119 | G16: 0.38263666 | H16: 1.1079027 | I16: 0 | J16: 2 | K16: 0 | L16: 0 | M16: 0.13817724 | N16: 11.34 | O16: 0.017857143 | P16: 292 | Q16: 0.47402597 | R16: 0.43144541
A17: 4101002 | B17: Ampére | C17: P2 | D17: 19620 | E17: 1396 | F17: 361 | G17: 0.25859599 | H17: 1.1490196 | I17: 2 | J17: 6 | K17: 0.33333333 | L17: 3.62 | M17: 0.12996942 | N17: 13.81 | O17: 0.0099750623 | P17: 277 | Q17: 0.10401802 | R17: 0.51480444
... A404: 4128807 | B404: Xambrê | C404: P2 | D404: 5798 | E404: 360 | F404: 157 | G404: 0.43611111 | H404: 1.1243094 | I404: 0 | J404: 3 | K404: 0 | L404: 0 | M404: 0.12487065 | N404: 11.9 | O404: 0 | P404: 179 | Q404: 0.24487004 | R404: 0.33651761
A406: Fontes: Inep (Censo Escolar 2023); IBGE (Censo Demográfico 2022); Ministério da Saúde (SIM, Sinasc, Sisvan e condicionalidades do Bolsa Família); Ipardes (natalidade 2022; IPDM 2021).
A407: PC: população de 5 a 14 anos sobre a população total, como na planilha de cálculo (ver aba Sobre).

Sheet 2 Fator educacional
A1: Fator educacional (F_E)
A2: Indicadores brutos, indicadores normalizados de 0 a 100 e cálculo do fator. As colunas em cor são fórmulas.
A4: Município | D4: Indicador bruto | G4: Indicador normalizado (0 a 100) | J4: Fator
A5: Código IBGE | B5: Município | C5: Porte | D5: MC: cobertura de creche | E5: MP: matrícula pré-escola e fundamental por criança | F5: OP: oferta privada | G5: N(MC), sentido inverso, peso 2 | H5: N(MP), sentido inverso, peso 1 | I5: N(OP), sentido inverso, peso 1 | J5: Média ponderada (F_E) | K5: F_E (0 a 100)
A6: 4100103 | B6: Abatiá | C6: P2 | D6: 0.3212766 | E6: 1.083151 | F6: 0.5 | G6: 50.62486 | H6: 76.916683 | I6: 50 | J6: =(2*G6+H6+I6)/4 -> 57.041601 | K6: =(J6-MIN(J$6:J$404))/(MAX(J$6:J$404)-MIN(J$6:J$404))*100 -> 49.260678
A7: 4100202 | B7: Adrianópolis | C7: P2 | D7: 0.14861461 | E7: 0.99014239 | F7: 0.5 | G7: 77.160281 | H7: 83.243741 | I7: 50 | J7: =(2*G7+H7+I7)/4 -> 71.891076 | K7: =(J7-MIN(J$6:J$404))/(MAX(J$6:J$404)-MIN(J$6:J$404))*100 -> 74.281067
A8: 4100301 | B8: Agudos do Sul | C8: P2 | D8: 0.14872521 | E8: 1.1059379 | F8: 0.5 | G8: 77.143283 | H8: 75.366565 | I8: 50 | J8: =(2*G8+H8+I8)/4 -> 69.913283 | K8: =(J8-MIN(J$6:J$404))/(MAX(J$6:J$404)-MIN(J$6:J$404))*100 -> 70.948616
A9: 4100400 | B9: Almirante Tamandaré | C9: M1 | D9: 0.11215638 | E9: 0.74734338 | F9: 0.16666667 | G9: 82.763335 | H9: 99.760531 | I9: 83.333333 | J9: =(2*G9+H9+I9)/4 -> 87.155133 | K9: =(J9-MIN(J$6:J$404))/(MAX(J$6:J$404)-MIN(J$6:J$404))*100 -> 100
A10: 4100459 | B10: Altamira do Paraná | C10: P1 | D10: 0.25358852 | E10: 1.0985011 | F10: 0.5 | G10: 61.027449 | H10: 75.872469 | I10: 50 | J10: =(2*G10+H10+I10)/4 -> 61.981842 | K10: =(J10-MIN(J$6:J$404))/(MAX(J$6:J$404)-MIN(J$6:J$404))*100 -> 57.584659
A11: 4128625 | B11: Alto Paraíso | C11: P1 | D11: 0.44390244 | E11: 1.2110092 | F11: 0.5 | G11: 31.779204 | H11: 68.218926 | I11: 50 | J11: =(2*G11+H11+I11)/4 -> 45.444334 | K11: =(J11-MIN(J$6:J$404))/(MAX(J$6:J$404)-MIN(J$6:J$404))*100 -> 29.720045
A12: 4100608 | B12: Alto Paraná | C12: P2 | D12: 0.28647497 | E12: 1.0712428 | F12: 0.16666667 | G12: 55.97332 | H12: 77.726753 | I12: 83.333333 | J12: =(2*G12+H12+I12)/4 -> 68.251681 | K12: =(J12-MIN(J$6:J$404))/(MAX(J$6:J$404)-MIN(J$6:J$404))*100 -> 68.148927
A13: 4100707 | B13: Alto Piquiri | C13: P2 | D13: 0.36604361 | E13: 1.1076198 | F13: 0.16666667 | G13: 43.744876 | H13: 75.252153 | I13: 83.333333 | J13: =(2*G13+H13+I13)/4 -> 61.51881 | K13: =(J13-MIN(J$6:J$404))/(MAX(J$6:J$404)-MIN(J$6:J$404))*100 -> 56.80448
A14: 4100509 | B14: Altônia | C14: P2 | D14: 0.18595825 | E14: 1.1488227 | F14: 0.9 | G14: 71.421153 | H14: 72.449257 | I14: 10 | J14: =(2*G14+H14+I14)/4 -> 56.32289 | K14: =(J14-MIN(J$6:J$404))/(MAX(J$6:J$404)-MIN(J$6:J$404))*100 -> 48.049698
A15: 4100806 | B15: Alvorada do Sul | C15: P2 | D15: 0.38408304 | E15: 1.0893471 | F15: 0.25 | G15: 40.9725 | H15: 76.495184 | I15: 75 | J15: =(2*G15+H15+I15)/4 -> 58.360046 | K15: =(J15-MIN(J$6:J$404))/(MAX(J$6:J$404)-MIN(J$6:J$404))*100 -> 51.482172
A16: 4100905 | B16: Amaporã | C16: P1 | D16: 0.38263666 | E16: 1.1079027 | F16: 0 | G16: 41.194788 | H16: 75.232906 | I16: 100 | J16: =(2*G16+H16+I16)/4 -> 64.40562 | K16: =(J16-MIN(J$6:J$404))/(MAX(J$6:J$404)-MIN(J$6:J$404))*100 -> 61.668566
A17: 4101002 | B17: Ampére | C17: P2 | D17: 0.25859599 | E17: 1.1490196 | F17: 0.33333333 | G17: 60.25788 | H17: 72.435865 | I17: 66.666667 | J17: =(2*G17+H17+I17)/4 -> 64.904573 | K17: =(J17-MIN(J$6:J$404))/(MAX(J$6:J$404)-MIN(J$6:J$404))*100 -> 62.509269
... A404: 4128807 | B404: Xambrê | C404: P2 | D404: 0.43611111 | E404: 1.1243094 | F404: 0 | G404: 32.976608 | H404: 74.116817 | I404: 100 | J404: =(2*G404+H404+I404)/4 -> 60.017508 | K404: =(J404-MIN(J$6:J$404))/(MAX(J$6:J$404)-MIN(J$6:J$404))*100 -> 54.274886
A406: F_E = normalização mínimo-máximo de [(2 × N(MC) + N(MP) + N(OP)) / 4]. Indicadores normalizados conforme as planilhas de cálculo do estudo.
A407: Fontes: Inep (Censo Escolar 2023); IBGE (Censo Demográfico 2022).

Sheet 3 Fator demográfico
A1: Fator demográfico (F_D)
A2: Indicadores brutos, indicadores normalizados de 0 a 100 e cálculo do fator. As colunas em cor são fórmulas.
A4: Município | D4: Indicador bruto | G4: Indicador normalizado (0 a 100) | J4: Fator
A5: Código IBGE | B5: Município | C5: Porte | D5: MI: mortalidade infantil (por mil) | E5: PC: proporção de crianças de 5 a 14 anos | F5: TN: taxa de natalidade (por mil) | G5: N(MI), sentido direto | H5: PC ÷ maior valor × 100 | I5: TN ÷ maior valor × 100 | J5: Média ponderada (F_D) | K5: F_D (0 a 100)
A6: 4100103 | B6: Abatiá | C6: P2 | D6: 0 | E6: 0.12622566 | F6: 11.19 | G6: 0 | H6: 73.364241 | I6: 59.967846 | J6: =(G6+H6+I6)/3 -> 44.444029 | K6: =(J6-MIN(J$6:J$404))/(MAX(J$6:J$404)-MIN(J$6:J$404))*100 -> 29.06336
A7: 4100202 | B7: Adrianópolis | C7: P2 | D7: 0 | E7: 0.1459399 | F7: 11.19 | G7: 0 | H7: 84.822451 | I7: 59.967846 | J7: =(G7+H7+I7)/3 -> 48.263432 | K7: =(J7-MIN(J$6:J$404))/(MAX(J$6:J$404)-MIN(J$6:J$404))*100 -> 36.216672
A8: 4100301 | B8: Agudos do Sul | C8: P2 | D8: 0 | E8: 0.14482556 | F8: 14.95 | G8: 0 | H8: 84.174784 | I8: 80.117899 | J8: =(G8+H8+I8)/3 -> 54.764228 | K8: =(J8-MIN(J$6:J$404))/(MAX(J$6:J$404)-MIN(J$6:J$404))*100 -> 48.391929
A9: 4100400 | B9: Almirante Tamandaré | C9: M1 | D9: 7.54 | E9: 0.15785521 | F9: 13.09 | G9: 13.570914 | H9: 91.747806 | I9: 70.150054 | J9: =(G9+H9+I9)/3 -> 58.489591 | K9: =(J9-MIN(J$6:J$404))/(MAX(J$6:J$404)-MIN(J$6:J$404))*100 -> 55.369116
A10: 4100459 | B10: Altamira do Paraná | C10: P1 | D10: 19.23 | E10: 0.13008357 | F10: 11.98 | G10: 34.611231 | H10: 75.606513 | I10: 64.201501 | J10: =(G10+H10+I10)/3 -> 58.139748 | K10: =(J10-MIN(J$6:J$404))/(MAX(J$6:J$404)-MIN(J$6:J$404))*100 -> 54.713899
A11: 4128625 | B11: Alto Paraíso | C11: P1 | D11: 30.3 | E11: 0.14271686 | F11: 18.66 | G11: 54.535637 | H11: 82.949172 | I11: 100 | J11: =(G11+H11+I11)/3 -> 79.161603 | K11: =(J11-MIN(J$6:J$404))/(MAX(J$6:J$404)-MIN(J$6:J$404))*100 -> 94.085464
A12: 4100608 | B12: Alto Paraná | C12: P2 | D12: 11.11 | E12: 0.13825581 | F12: 11.86 | G12: 19.9964 | H12: 80.356342 | I12: 63.558414 | J12: =(G12+H12+I12)/3 -> 54.637052 | K12: =(J12-MIN(J$6:J$404))/(MAX(J$6:J$404)-MIN(J$6:J$404))*100 -> 48.153743
A13: 4100707 | B13: Alto Piquiri | C13: P2 | D13: 7.58 | E13: 0.13087283 | F13: 12.34 | G13: 13.642909 | H13: 76.065245 | I13: 66.130761 | J13: =(G13+H13+I13)/3 -> 51.946305 | K13: =(J13-MIN(J$6:J$404))/(MAX(J$6:J$404)-MIN(J$6:J$404))*100 -> 43.114277
A14: 4100509 | B14: Altônia | C14: P2 | D14: 8.89 | E14: 0.12010458 | F14: 10.99 | G14: 16.00072 | H14: 69.806577 | I14: 58.896034 | J14: =(G14+H14+I14)/3 -> 48.234444 | K14: =(J14-MIN(J$6:J$404))/(MAX(J$6:J$404)-MIN(J$6:J$404))*100 -> 36.16238
A15: 4100806 | B15: Alvorada do Sul | C15: P2 | D15: 0 | E15: 0.11272516 | F15: 8.91 | G15: 0 | H15: 65.517548 | I15: 47.749196 | J15: =(G15+H15+I15)/3 -> 37.755582 | K15: =(J15-MIN(J$6:J$404))/(MAX(J$6:J$404)-MIN(J$6:J$404))*100 -> 16.536652
A16: 4100905 | B16: Amaporã | C16: P1 | D16: 0 | E16: 0.13817724 | F16: 11.34 | G16: 0 | H16: 80.310676 | I16: 60.771704 | J16: =(G16+H16+I16)/3 -> 47.02746 | K16: =(J16-MIN(J$6:J$404))/(MAX(J$6:J$404)-MIN(J$6:J$404))*100 -> 33.901836
A17: 4101002 | B17: Ampére | C17: P2 | D17: 3.62 | E17: 0.12996942 | F17: 13.81 | G17: 6.5154788 | H17: 75.54017 | I17: 74.008574 | J17: =(G17+H17+I17)/3 -> 52.021408 | K17: =(J17-MIN(J$6:J$404))/(MAX(J$6:J$404)-MIN(J$6:J$404))*100 -> 43.254937
... A404: 4128807 | B404: Xambrê | C404: P2 | D404: 0 | E404: 0.12487065 | F404: 11.9 | G404: 0 | H404: 72.576686 | I404: 63.772776 | J404: =(G404+H404+I404)/3 -> 45.449821 | K404: =(J404-MIN(J$6:J$404))/(MAX(J$6:J$404)-MIN(J$6:J$404))*100 -> 30.947095
A406: F_D = normalização mínimo-máximo da média de N(MI), PC ÷ máximo e TN ÷ máximo, como na planilha de cálculo (PC e TN não passam pelo mínimo-máximo).
A407: Fontes: Ministério da Saúde (SIM e Sinasc, 2020); IBGE (Censo Demográfico 2022); Ipardes (natalidade 2022).

Sheet 4 Fator socioeconômico
A1: Fator socioeconômico (F_S)
A2: Indicadores brutos, indicadores normalizados de 0 a 100 e cálculo do fator. As colunas em cor são fórmulas.
A4: Município | D4: Indicador bruto | G4: Indicador normalizado (0 a 100) | J4: Fator
A5: Código IBGE | B5: Município | C5: Porte | D5: BP: baixo peso para a idade | E5: CU: crianças no CadÚnico | F5: IR: IPDM renda, emprego e produção | G5: N(BP), sentido direto | H5: N(CU), sentido direto | I5: N(IR), sentido inverso | J5: Média ponderada (F_S) | K5: F_S (0 a 100)
A6: 4100103 | B6: Abatiá | C6: P2 | D6: 0.045454545 | E6: 0.29661017 | F6: 0.41007672 | G6: 4.5454545 | H6: 45.813627 | I6: 70.420108 | J6: =(G6+H6+I6)/3 -> 40.25973 | K6: =(J6-MIN(J$6:J$404))/(MAX(J$6:J$404)-MIN(J$6:J$404))*100 -> 51.819369
A7: 4100202 | B7: Adrianópolis | C7: P2 | D7: 0.024390244 | E7: 0.29176755 | F7: 0.53345404 | G7: 2.4390244 | H7: 44.980706 | I7: 49.884845 | J7: =(G7+H7+I7)/3 -> 32.434858 | K7: =(J7-MIN(J$6:J$404))/(MAX(J$6:J$404)-MIN(J$6:J$404))*100 -> 39.674505
A8: 4100301 | B8: Agudos do Sul | C8: P2 | D8: 0.071428571 | E8: 0.34291581 | F8: 0.38104276 | G8: 7.1428571 | H8: 53.778115 | I8: 75.252601 | J8: =(G8+H8+I8)/3 -> 45.391191 | K8: =(J8-MIN(J$6:J$404))/(MAX(J$6:J$404)-MIN(J$6:J$404))*100 -> 59.783832
A9: 4100400 | B9: Almirante Tamandaré | C9: M1 | D9: 0.029713115 | E9: 0.17445569 | F9: 0.42542019 | G9: 2.9713115 | H9: 24.803274 | I9: 67.866298 | J9: =(G9+H9+I9)/3 -> 31.880294 | K9: =(J9-MIN(J$6:J$404))/(MAX(J$6:J$404)-MIN(J$6:J$404))*100 -> 38.813775
A10: 4100459 | B10: Altamira do Paraná | C10: P1 | D10: 0.047619048 | E10: 0.30549451 | F10: 0.39366654 | G10: 4.7619048 | H10: 47.341717 | I10: 73.151464 | J10: =(G10+H10+I10)/3 -> 41.751695 | K10: =(J10-MIN(J$6:J$404))/(MAX(J$6:J$404)-MIN(J$6:J$404))*100 -> 54.135026
A11: 4128625 | B11: Alto Paraíso | C11: P1 | D11: 0.074074074 | E11: 0.29157175 | F11: 0.49395377 | G11: 7.4074074 | H11: 44.947029 | I11: 56.459378 | J11: =(G11+H11+I11)/3 -> 36.271271 | K11: =(J11-MIN(J$6:J$404))/(MAX(J$6:J$404)-MIN(J$6:J$404))*100 -> 45.628944
A12: 4100608 | B12: Alto Paraná | C12: P2 | D12: 0.0086206897 | E12: 0.29625725 | F12: 0.40340382 | G12: 0.86206897 | H12: 45.752925 | I12: 71.530764 | J12: =(G12+H12+I12)/3 -> 39.38192 | K12: =(J12-MIN(J$6:J$404))/(MAX(J$6:J$404)-MIN(J$6:J$404))*100 -> 50.456933
A13: 4100707 | B13: Alto Piquiri | C13: P2 | D13: 0.041666667 | E13: 0.28028504 | F13: 0.45795584 | G13: 4.1666667 | H13: 43.005733 | I13: 62.450974 | J13: =(G13+H13+I13)/3 -> 36.541125 | K13: =(J13-MIN(J$6:J$404))/(MAX(J$6:J$404)-MIN(J$6:J$404))*100 -> 46.047779
A14: 4100509 | B14: Altônia | C14: P2 | D14: 0 | E14: 0.1803353 | F14: 0.40104356 | G14: 0 | H14: 25.814556 | I14: 71.923612 | J14: =(G14+H14+I14)/3 -> 32.579389 | K14: =(J14-MIN(J$6:J$404))/(MAX(J$6:J$404)-MIN(J$6:J$404))*100 -> 39.89883
A15: 4100806 | B15: Alvorada do Sul | C15: P2 | D15: 0.016393443 | E15: 0.25860621 | F15: 0.40941086 | G15: 1.6393443 | H15: 39.277015 | I15: 70.530935 | J15: =(G15+H15+I15)/3 -> 37.149098 | K15: =(J15-MIN(J$6:J$404))/(MAX(J$6:J$404)-MIN(J$6:J$404))*100 -> 46.991405
A16: 4100905 | B16: Amaporã | C16: P1 | D16: 0.017857143 | E16: 0.47402597 | F16: 0.43144541 | G16: 1.7857143 | H16: 76.328829 | I16: 66.863444 | J16: =(G16+H16+I16)/3 -> 48.325996 | K16: =(J16-MIN(J$6:J$404))/(MAX(J$6:J$404)-MIN(J$6:J$404))*100 -> 64.338898
A17: 4101002 | B17: Ampére | C17: P2 | D17: 0.0099750623 | E17: 0.10401802 | F17: 0.51480444 | G17: 0.99750623 | H17: 12.688122 | I17: 52.988936 | J17: =(G17+H17+I17)/3 -> 22.224855 | K17: =(J17-MIN(J$6:J$404))/(MAX(J$6:J$404)-MIN(J$6:J$404))*100 -> 23.827714
... A404: 4128807 | B404: Xambrê | C404: P2 | D404: 0 | E404: 0.24487004 | F404: 0.33651761 | G404: 0 | H404: 36.914417 | I404: 82.66349 | J404: =(G404+H404+I404)/3 -> 39.859303 | K404: =(J404-MIN(J$6:J$404))/(MAX(J$6:J$404)-MIN(J$6:J$404))*100 -> 51.197872
A406: F_S = normalização mínimo-máximo de [(N(BP) + N(CU) + N(IR)) / 3].
A407: Fontes: Ministério da Saúde (Sisvan e condicionalidades do Bolsa Família, 2023); Ipardes (IPDM 2021).

Sheet 5 PCM
A1: Potencial de Creche por Município (PCM)
A2: PCM = (2 × F_E + F_D + 2 × F_S) / 500. Fatores trazidos das abas 2 a 4.
A4: Município | D4: Peso 2 | E4: Peso 1 | F4: Peso 2 | G4: Indicador agregado
A5: Código IBGE | B5: Município | C5: Porte | D5: F_E | E5: F_D | F5: F_S | G5: PCM (0 a 1) | H5: Posição no estado | I5: Posição na faixa de porte | J5: Municípios na faixa
A6: 4100103 | B6: Abatiá | C6: P2 | D6: ='2 Fator educacional'!K6 -> 49.260678 | E6: ='3 Fator demográfico'!K6 -> 29.06336 | F6: ='4 Fator socioeconômico'!K6 -> 51.819369 | G6: =(2*D6+E6+2*F6)/500 -> 0.46244691 | H6: =RANK(G6,G$6:G$404,0) -> 222 | I6: =COUNTIFS(C$6:C$404,C6,G$6:G$404,">"&G6)+1 -> 131 | J6: =COUNTIF(C$6:C$404,C6) -> 205
A7: 4100202 | B7: Adrianópolis | C7: P2 | D7: ='2 Fator educacional'!K7 -> 74.281067 | E7: ='3 Fator demográfico'!K7 -> 36.216672 | F7: ='4 Fator socioeconômico'!K7 -> 39.674505 | G7: =(2*D7+E7+2*F7)/500 -> 0.52825563 | H7: =RANK(G7,G$6:G$404,0) -> 120 | I7: =COUNTIFS(C$6:C$404,C7,G$6:G$404,">"&G7)+1 -> 73 | J7: =COUNTIF(C$6:C$404,C7) -> 205
A8: 4100301 | B8: Agudos do Sul | C8: P2 | D8: ='2 Fator educacional'!K8 -> 70.948616 | E8: ='3 Fator demográfico'!K8 -> 48.391929 | F8: ='4 Fator socioeconômico'!K8 -> 59.783832 | G8: =(2*D8+E8+2*F8)/500 -> 0.61971365 | H8: =RANK(G8,G$6:G$404,0) -> 41 | I8: =COUNTIFS(C$6:C$404,C8,G$6:G$404,">"&G8)+1 -> 29 | J8: =COUNTIF(C$6:C$404,C8) -> 205
A9: 4100400 | B9: Almirante Tamandaré | C9: M1 | D9: ='2 Fator educacional'!K9 -> 100 | E9: ='3 Fator demográfico'!K9 -> 55.369116 | F9: ='4 Fator socioeconômico'!K9 -> 38.813775 | G9: =(2*D9+E9+2*F9)/500 -> 0.66599333 | H9: =RANK(G9,G$6:G$404,0) -> 22 | I9: =COUNTIFS(C$6:C$404,C9,G$6:G$404,">"&G9)+1 -> 1 | J9: =COUNTIF(C$6:C$404,C9) -> 14
A10: 4100459 | B10: Altamira do Paraná | C10: P1 | D10: ='2 Fator educacional'!K10 -> 57.584659 | E10: ='3 Fator demográfico'!K10 -> 54.713899 | F10: ='4 Fator socioeconômico'!K10 -> 54.135026 | G10: =(2*D10+E10+2*F10)/500 -> 0.55630654 | H10: =RANK(G10,G$6:G$404,0) -> 85 | I10: =COUNTIFS(C$6:C$404,C10,G$6:G$404,">"&G10)+1 -> 21 | J10: =COUNTIF(C$6:C$404,C10) -> 102
A11: 4128625 | B11: Alto Paraíso | C11: P1 | D11: ='2 Fator educacional'!K11 -> 29.720045 | E11: ='3 Fator demográfico'!K11 -> 94.085464 | F11: ='4 Fator socioeconômico'!K11 -> 45.628944 | G11: =(2*D11+E11+2*F11)/500 -> 0.48956688 | H11: =RANK(G11,G$6:G$404,0) -> 175 | I11: =COUNTIFS(C$6:C$404,C11,G$6:G$404,">"&G11)+1 -> 42 | J11: =COUNTIF(C$6:C$404,C11) -> 102
A12: 4100608 | B12: Alto Paraná | C12: P2 | D12: ='2 Fator educacional'!K12 -> 68.148927 | E12: ='3 Fator demográfico'!K12 -> 48.153743 | F12: ='4 Fator socioeconômico'!K12 -> 50.456933 | G12: =(2*D12+E12+2*F12)/500 -> 0.57073093 | H12: =RANK(G12,G$6:G$404,0) -> 70 | I12: =COUNTIFS(C$6:C$404,C12,G$6:G$404,">"&G12)+1 -> 46 | J12: =COUNTIF(C$6:C$404,C12) -> 205
A13: 4100707 | B13: Alto Piquiri | C13: P2 | D13: ='2 Fator educacional'!K13 -> 56.80448 | E13: ='3 Fator demográfico'!K13 -> 43.114277 | F13: ='4 Fator socioeconômico'!K13 -> 46.047779 | G13: =(2*D13+E13+2*F13)/500 -> 0.49763759 | H13: =RANK(G13,G$6:G$404,0) -> 163 | I13: =COUNTIFS(C$6:C$404,C13,G$6:G$404,">"&G13)+1 -> 97 | J13: =COUNTIF(C$6:C$404,C13) -> 205
A14: 4100509 | B14: Altônia | C14: P2 | D14: ='2 Fator educacional'!K14 -> 48.049698 | E14: ='3 Fator demográfico'!K14 -> 36.16238 | F14: ='4 Fator socioeconômico'!K14 -> 39.89883 | G14: =(2*D14+E14+2*F14)/500 -> 0.42411887 | H14: =RANK(G14,G$6:G$404,0) -> 279 | I14: =COUNTIFS(C$6:C$404,C14,G$6:G$404,">"&G14)+1 -> 158 | J14: =COUNTIF(C$6:C$404,C14) -> 205
A15: 4100806 | B15: Alvorada do Sul | C15: P2 | D15: ='2 Fator educacional'!K15 -> 51.482172 | E15: ='3 Fator demográfico'!K15 -> 16.536652 | F15: ='4 Fator socioeconômico'!K15 -> 46.991405 | G15: =(2*D15+E15+2*F15)/500 -> 0.42696761 | H15: =RANK(G15,G$6:G$404,0) -> 273 | I15: =COUNTIFS(C$6:C$404,C15,G$6:G$404,">"&G15)+1 -> 155 | J15: =COUNTIF(C$6:C$404,C15) -> 205
A16: 4100905 | B16: Amaporã | C16: P1 | D16: ='2 Fator educacional'!K16 -> 61.668566 | E16: ='3 Fator demográfico'!K16 -> 33.901836 | F16: ='4 Fator socioeconômico'!K16 -> 64.338898 | G16: =(2*D16+E16+2*F16)/500 -> 0.57183353 | H16: =RANK(G16,G$6:G$404,0) -> 68 | I16: =COUNTIFS(C$6:C$404,C16,G$6:G$404,">"&G16)+1 -> 16 | J16: =COUNTIF(C$6:C$404,C16) -> 102
A17: 4101002 | B17: Ampére | C17: P2 | D17: ='2 Fator educacional'!K17 -> 62.509269 | E17: ='3 Fator demográfico'!K17 -> 43.254937 | F17: ='4 Fator socioeconômico'!K17 -> 23.827714 | G17: =(2*D17+E17+2*F17)/500 -> 0.4318578 | H17: =RANK(G17,G$6:G$404,0) -> 264 | I17: =COUNTIFS(C$6:C$404,C17,G$6:G$404,">"&G17)+1 -> 151 | J17: =COUNTIF(C$6:C$404,C17) -> 205
... A404: 4128807 | B404: Xambrê | C404: P2 | D404: ='2 Fator educacional'!K404 -> 54.274886 | E404: ='3 Fator demográfico'!K404 -> 30.947095 | F404: ='4 Fator socioeconômico'!K404 -> 51.197872 | G404: =(2*D404+E404+2*F404)/500 -> 0.48378522 | H404: =RANK(G404,G$6:G$404,0) -> 187 | I404: =COUNTIFS(C$6:C$404,C404,G$6:G$404,">"&G404)+1 -> 111 | J404: =COUNTIF(C$6:C$404,C404) -> 205
A406: Posição 1 = maior PCM. Posição na faixa: ordem do município entre os de mesmo porte, usada no ranqueamento das faixas P3, P2 e P1.

Sheet 6 Distribuição
A1: Creches atribuídas por município
A2: Etapa prévia (Deliberação CEDCA 60/2023), versões da distribuição de março e maio de 2024 e lista publicada na Resolução SEDEF nº 219/2024.
A4: Município | E4: Março de 2024 | H4: Maio de 2024 | I4: Junho de 2024
A5: Código IBGE | B5: Município | C5: Porte | D5: PCM | E5: Etapa prévia (índice Ipardes) | F5: Etapa PCM, março de 2024 | G5: Total, março de 2024 | H5: Total, maio de 2024 (versão apresentada ao CEDCA) | I5: Lista publicada, Res. SEDEF 219/2024 | J5: Contemplado na lista publicada
A6: 4100103 | B6: Abatiá | C6: P2 | D6: ='5 PCM'!G6 -> 0.46244691 | E6: 0 | F6: 0 | G6: =E6+F6 -> 0 | H6: 0 | I6: 0 | J6: =IF(I6>0,"Sim","Não") -> Não
A7: 4100202 | B7: Adrianópolis | C7: P2 | D7: ='5 PCM'!G7 -> 0.52825563 | E7: 0 | F7: 1 | G7: =E7+F7 -> 1 | H7: 1 | I7: 1 | J7: =IF(I7>0,"Sim","Não") -> Sim
A8: 4100301 | B8: Agudos do Sul | C8: P2 | D8: ='5 PCM'!G8 -> 0.61971365 | E8: 1 | F8: 0 | G8: =E8+F8 -> 1 | H8: 1 | I8: 1 | J8: =IF(I8>0,"Sim","Não") -> Sim
A9: 4100400 | B9: Almirante Tamandaré | C9: M1 | D9: ='5 PCM'!G9 -> 0.66599333 | E9: 0 | F9: 3 | G9: =E9+F9 -> 3 | H9: 3 | I9: 3 | J9: =IF(I9>0,"Sim","Não") -> Sim
A10: 4100459 | B10: Altamira do Paraná | C10: P1 | D10: ='5 PCM'!G10 -> 0.55630654 | E10: 0 | F10: 1 | G10: =E10+F10 -> 1 | H10: 1 | I10: 1 | J10: =IF(I10>0,"Sim","Não") -> Sim
A11: 4128625 | B11: Alto Paraíso | C11: P1 | D11: ='5 PCM'!G11 -> 0.48956688 | E11: 0 | F11: 0 | G11: =E11+F11 -> 0 | H11: 0 | I11: 0 | J11: =IF(I11>0,"Sim","Não") -> Não
A12: 4100608 | B12: Alto Paraná | C12: P2 | D12: ='5 PCM'!G12 -> 0.57073093 | E12: 0 | F12: 1 | G12: =E12+F12 -> 1 | H12: 1 | I12: 1 | J12: =IF(I12>0,"Sim","Não") -> Sim
A13: 4100707 | B13: Alto Piquiri | C13: P2 | D13: ='5 PCM'!G13 -> 0.49763759 | E13: 0 | F13: 1 | G13: =E13+F13 -> 1 | H13: 1 | I13: 1 | J13: =IF(I13>0,"Sim","Não") -> Sim
A14: 4100509 | B14: Altônia | C14: P2 | D14: ='5 PCM'!G14 -> 0.42411887 | E14: 0 | F14: 0 | G14: =E14+F14 -> 0 | H14: 0 | I14: 0 | J14: =IF(I14>0,"Sim","Não") -> Não
A15: 4100806 | B15: Alvorada do Sul | C15: P2 | D15: ='5 PCM'!G15 -> 0.42696761 | E15: 0 | F15: 0 | G15: =E15+F15 -> 0 | H15: 0 | I15: 0 | J15: =IF(I15>0,"Sim","Não") -> Não
A16: 4100905 | B16: Amaporã | C16: P1 | D16: ='5 PCM'!G16 -> 0.57183353 | E16: 0 | F16: 1 | G16: =E16+F16 -> 1 | H16: 1 | I16: 1 | J16: =IF(I16>0,"Sim","Não") -> Sim
A17: 4101002 | B17: Ampére | C17: P2 | D17: ='5 PCM'!G17 -> 0.4318578 | E17: 0 | F17: 0 | G17: =E17+F17 -> 0 | H17: 0 | I17: 0 | J17: =IF(I17>0,"Sim","Não") -> Não
... A404: 4128807 | B404: Xambrê | C404: P2 | D404: ='5 PCM'!G404 -> 0.48378522 | E404: 0 | F404: 1 | G404: =E404+F404 -> 1 | H404: 1 | I404: 1 | J404: =IF(I404>0,"Sim","Não") -> Sim
B405: Paraná | E405: =SUM(E6:E404) -> 43 | F405: =SUM(F6:F404) -> 257 | G405: =SUM(G6:G404) -> 300 | H405: =SUM(H6:H404) -> 300 | I405: =SUM(I6:I404) -> 303 | J405: =COUNTIF(J6:J404,"Sim")&" municípios" -> 261 municípios
A407: Fontes: planilhas de cálculo do estudo (versões de 27 de março e 21 de maio de 2024); Paraná, Resolução SEDEF nº 219/2024, Anexo I.

Sheet 7 Resumo por porte
A1: Resumo por faixa de porte
A2: Totais calculados por fórmula a partir das abas 1, 5 e 6.
A4: Faixa | E4: Indicador (média da faixa) | I4: Creches
A5: Faixa de porte (habitantes) | B5: Municípios | C5: População de 0 a 4 anos | D5: Cobertura de creche | E5: F_E médio | F5: F_D médio | G5: F_S médio | H5: PCM médio | I5: Etapa prévia | J5: Total, março de 2024 | K5: Total, maio de 2024 | L5: Lista publicada | M5: Municípios contemplados
A6: G2 (acima de 1 milhão) | B6: =COUNTIF('1 Indicadores'!$C$6:$C$404,"G2") -> 1 | C6: =SUMIF('1 Indicadores'!$C$6:$C$404,"G2",'1 Indicadores'!$E$6:$E$404) -> 85003 | D6: =SUMIF('1 Indicadores'!$C$6:$C$404,"G2",'1 Indicadores'!$F$6:$F$404)/C6 -> 0.20852205 | E6: =AVERAGEIF('5 PCM'!$C$6:$C$404,"G2",'5 PCM'!$D$6:$D$404) -> 56.511036 | F6: =AVERAGEIF('5 PCM'!$C$6:$C$404,"G2",'5 PCM'!$E$6:$E$404) -> 29.902254 | G6: =AVERAGEIF('5 PCM'!$C$6:$C$404,"G2",'5 PCM'!$F$6:$F$404) -> 0 | H6: =AVERAGEIF('5 PCM'!$C$6:$C$404,"G2",'5 PCM'!$G$6:$G$404) -> 0.28584865 | I6: =SUMIF('6 Distribuição'!$C$6:$C$404,"G2",'6 Distribuição'!$E$6:$E$404) -> 0 | J6: =SUMIF('6 Distribuição'!$C$6:$C$404,"G2",'6 Distribuição'!$G$6:$G$404) -> 10 | K6: =SUMIF('6 Distribuição'!$C$6:$C$404,"G2",'6 Distribuição'!$H$6:$H$404) -> 6 | L6: =SUMIF('6 Distribuição'!$C$6:$C$404,"G2",'6 Distribuição'!$I$6:$I$404) -> 6 | M6: =COUNTIFS('6 Distribuição'!$C$6:$C$404,"G2",'6 Distribuição'!$I$6:$I$404,">0") -> 1
A7: G1 (500 mil a 1 milhão) | B7: =COUNTIF('1 Indicadores'!$C$6:$C$404,"G1") -> 1 | C7: =SUMIF('1 Indicadores'!$C$6:$C$404,"G1",'1 Indicadores'!$E$6:$E$404) -> 30194 | D7: =SUMIF('1 Indicadores'!$C$6:$C$404,"G1",'1 Indicadores'!$F$6:$F$404)/C7 -> 0.075577929 | E7: =AVERAGEIF('5 PCM'!$C$6:$C$404,"G1",'5 PCM'!$D$6:$D$404) -> 65.89371 | F7: =AVERAGEIF('5 PCM'!$C$6:$C$404,"G1",'5 PCM'!$E$6:$E$404) -> 39.540641 | G7: =AVERAGEIF('5 PCM'!$C$6:$C$404,"G1",'5 PCM'!$F$6:$F$404) -> 24.244683 | H7: =AVERAGEIF('5 PCM'!$C$6:$C$404,"G1",'5 PCM'!$G$6:$G$404) -> 0.43963486 | I7: =SUMIF('6 Distribuição'!$C$6:$C$404,"G1",'6 Distribuição'!$E$6:$E$404) -> 0 | J7: =SUMIF('6 Distribuição'!$C$6:$C$404,"G1",'6 Distribuição'!$G$6:$G$404) -> 8 | K7: =SUMIF('6 Distribuição'!$C$6:$C$404,"G1",'6 Distribuição'!$H$6:$H$404) -> 4 | L7: =SUMIF('6 Distribuição'!$C$6:$C$404,"G1",'6 Distribuição'!$I$6:$I$404) -> 4 | M7: =COUNTIFS('6 Distribuição'!$C$6:$C$404,"G1",'6 Distribuição'!$I$6:$I$404,">0") -> 1
A8: M2 (200 a 500 mil) | B8: =COUNTIF('1 Indicadores'!$C$6:$C$404,"M2") -> 6 | C8: =SUMIF('1 Indicadores'!$C$6:$C$404,"M2",'1 Indicadores'!$E$6:$E$404) -> 121793 | D8: =SUMIF('1 Indicadores'!$C$6:$C$404,"M2",'1 Indicadores'!$F$6:$F$404)/C8 -> 0.23706617 | E8: =AVERAGEIF('5 PCM'!$C$6:$C$404,"M2",'5 PCM'!$D$6:$D$404) -> 63.058862 | F8: =AVERAGEIF('5 PCM'!$C$6:$C$404,"M2",'5 PCM'!$E$6:$E$404) -> 47.347426 | G8: =AVERAGEIF('5 PCM'!$C$6:$C$404,"M2",'5 PCM'!$F$6:$F$404) -> 21.86735 | H8: =AVERAGEIF('5 PCM'!$C$6:$C$404,"M2",'5 PCM'!$G$6:$G$404) -> 0.4343997 | I8: =SUMIF('6 Distribuição'!$C$6:$C$404,"M2",'6 Distribuição'!$E$6:$E$404) -> 0 | J8: =SUMIF('6 Distribuição'!$C$6:$C$404,"M2",'6 Distribuição'!$G$6:$G$404) -> 37 | K8: =SUMIF('6 Distribuição'!$C$6:$C$404,"M2",'6 Distribuição'!$H$6:$H$404) -> 18 | L8: =SUMIF('6 Distribuição'!$C$6:$C$404,"M2",'6 Distribuição'!$I$6:$I$404) -> 18 | M8: =COUNTIFS('6 Distribuição'!$C$6:$C$404,"M2",'6 Distribuição'!$I$6:$I$404,">0") -> 6
A9: M1 (100 a 200 mil) | B9: =COUNTIF('1 Indicadores'!$C$6:$C$404,"M1") -> 14 | C9: =SUMIF('1 Indicadores'!$C$6:$C$404,"M1",'1 Indicadores'!$E$6:$E$404) -> 121729 | D9: =SUMIF('1 Indicadores'!$C$6:$C$404,"M1",'1 Indicadores'!$F$6:$F$404)/C9 -> 0.25466405 | E9: =AVERAGEIF('5 PCM'!$C$6:$C$404,"M1",'5 PCM'!$D$6:$D$404) -> 63.79646 | F9: =AVERAGEIF('5 PCM'!$C$6:$C$404,"M1",'5 PCM'!$E$6:$E$404) -> 49.719893 | G9: =AVERAGEIF('5 PCM'!$C$6:$C$404,"M1",'5 PCM'!$F$6:$F$404) -> 26.911141 | H9: =AVERAGEIF('5 PCM'!$C$6:$C$404,"M1",'5 PCM'!$G$6:$G$404) -> 0.46227019 | I9: =SUMIF('6 Distribuição'!$C$6:$C$404,"M1",'6 Distribuição'!$E$6:$E$404) -> 6 | J9: =SUMIF('6 Distribuição'!$C$6:$C$404,"M1",'6 Distribuição'!$G$6:$G$404) -> 37 | K9: =SUMIF('6 Distribuição'!$C$6:$C$404,"M1",'6 Distribuição'!$H$6:$H$404) -> 29 | L9: =SUMIF('6 Distribuição'!$C$6:$C$404,"M1",'6 Distribuição'!$I$6:$I$404) -> 29 | M9: =COUNTIFS('6 Distribuição'!$C$6:$C$404,"M1",'6 Distribuição'!$I$6:$I$404,">0") -> 14
A10: P4 (70 a 100 mil) | B10: =COUNTIF('1 Indicadores'!$C$6:$C$404,"P4") -> 8 | C10: =SUMIF('1 Indicadores'!$C$6:$C$404,"P4",'1 Indicadores'!$E$6:$E$404) -> 44434 | D10: =SUMIF('1 Indicadores'!$C$6:$C$404,"P4",'1 Indicadores'!$F$6:$F$404)/C10 -> 0.28318405 | E10: =AVERAGEIF('5 PCM'!$C$6:$C$404,"P4",'5 PCM'!$D$6:$D$404) -> 57.204213 | F10: =AVERAGEIF('5 PCM'!$C$6:$C$404,"P4",'5 PCM'!$E$6:$E$404) -> 49.352284 | G10: =AVERAGEIF('5 PCM'!$C$6:$C$404,"P4",'5 PCM'!$F$6:$F$404) -> 21.774585 | H10: =AVERAGEIF('5 PCM'!$C$6:$C$404,"P4",'5 PCM'!$G$6:$G$404) -> 0.41461976 | I10: =SUMIF('6 Distribuição'!$C$6:$C$404,"P4",'6 Distribuição'!$E$6:$E$404) -> 0 | J10: =SUMIF('6 Distribuição'!$C$6:$C$404,"P4",'6 Distribuição'!$G$6:$G$404) -> 14 | K10: =SUMIF('6 Distribuição'!$C$6:$C$404,"P4",'6 Distribuição'!$H$6:$H$404) -> 13 | L10: =SUMIF('6 Distribuição'!$C$6:$C$404,"P4",'6 Distribuição'!$I$6:$I$404) -> 13 | M10: =COUNTIFS('6 Distribuição'!$C$6:$C$404,"P4",'6 Distribuição'!$I$6:$I$404,">0") -> 8
A11: P3 (20 a 70 mil) | B11: =COUNTIF('1 Indicadores'!$C$6:$C$404,"P3") -> 62 | C11: =SUMIF('1 Indicadores'!$C$6:$C$404,"P3",'1 Indicadores'!$E$6:$E$404) -> 135080 | D11: =SUMIF('1 Indicadores'!$C$6:$C$404,"P3",'1 Indicadores'!$F$6:$F$404)/C11 -> 0.30680338 | E11: =AVERAGEIF('5 PCM'!$C$6:$C$404,"P3",'5 PCM'!$D$6:$D$404) -> 56.431146 | F11: =AVERAGEIF('5 PCM'!$C$6:$C$404,"P3",'5 PCM'!$E$6:$E$404) -> 49.138693 | G11: =AVERAGEIF('5 PCM'!$C$6:$C$404,"P3",'5 PCM'!$F$6:$F$404) -> 34.236163 | H11: =AVERAGEIF('5 PCM'!$C$6:$C$404,"P3",'5 PCM'!$G$6:$G$404) -> 0.46094662 | I11: =SUMIF('6 Distribuição'!$C$6:$C$404,"P3",'6 Distribuição'!$E$6:$E$404) -> 5 | J11: =SUMIF('6 Distribuição'!$C$6:$C$404,"P3",'6 Distribuição'!$G$6:$G$404) -> 32 | K11: =SUMIF('6 Distribuição'!$C$6:$C$404,"P3",'6 Distribuição'!$H$6:$H$404) -> 49 | L11: =SUMIF('6 Distribuição'!$C$6:$C$404,"P3",'6 Distribuição'!$I$6:$I$404) -> 50 | M11: =COUNTIFS('6 Distribuição'!$C$6:$C$404,"P3",'6 Distribuição'!$I$6:$I$404,">0") -> 48
A12: P2 (5 a 20 mil) | B12: =COUNTIF('1 Indicadores'!$C$6:$C$404,"P2") -> 205 | C12: =SUMIF('1 Indicadores'!$C$6:$C$404,"P2",'1 Indicadores'!$E$6:$E$404) -> 138126 | D12: =SUMIF('1 Indicadores'!$C$6:$C$404,"P2",'1 Indicadores'!$F$6:$F$404)/C12 -> 0.30231093 | E12: =AVERAGEIF('5 PCM'!$C$6:$C$404,"P2",'5 PCM'!$D$6:$D$404) -> 57.354765 | F12: =AVERAGEIF('5 PCM'!$C$6:$C$404,"P2",'5 PCM'!$E$6:$E$404) -> 45.910946 | G12: =AVERAGEIF('5 PCM'!$C$6:$C$404,"P2",'5 PCM'!$F$6:$F$404) -> 44.19576 | H12: =AVERAGEIF('5 PCM'!$C$6:$C$404,"P2",'5 PCM'!$G$6:$G$404) -> 0.49802399 | I12: =SUMIF('6 Distribuição'!$C$6:$C$404,"P2",'6 Distribuição'!$E$6:$E$404) -> 29 | J12: =SUMIF('6 Distribuição'!$C$6:$C$404,"P2",'6 Distribuição'!$G$6:$G$404) -> 129 | K12: =SUMIF('6 Distribuição'!$C$6:$C$404,"P2",'6 Distribuição'!$H$6:$H$404) -> 143 | L12: =SUMIF('6 Distribuição'!$C$6:$C$404,"P2",'6 Distribuição'!$I$6:$I$404) -> 145 | M12: =COUNTIFS('6 Distribuição'!$C$6:$C$404,"P2",'6 Distribuição'!$I$6:$I$404,">0") -> 145
A13: P1 (até 5 mil) | B13: =COUNTIF('1 Indicadores'!$C$6:$C$404,"P1") -> 102 | C13: =SUMIF('1 Indicadores'!$C$6:$C$404,"P1",'1 Indicadores'!$E$6:$E$404) -> 21774 | D13: =SUMIF('1 Indicadores'!$C$6:$C$404,"P1",'1 Indicadores'!$F$6:$F$404)/C13 -> 0.41770001 | E13: =AVERAGEIF('5 PCM'!$C$6:$C$404,"P1",'5 PCM'!$D$6:$D$404) -> 47.641219 | F13: =AVERAGEIF('5 PCM'!$C$6:$C$404,"P1",'5 PCM'!$E$6:$E$404) -> 44.11428 | G13: =AVERAGEIF('5 PCM'!$C$6:$C$404,"P1",'5 PCM'!$F$6:$F$404) -> 46.86651 | H13: =AVERAGEIF('5 PCM'!$C$6:$C$404,"P1",'5 PCM'!$G$6:$G$404) -> 0.46625948 | I13: =SUMIF('6 Distribuição'!$C$6:$C$404,"P1",'6 Distribuição'!$E$6:$E$404) -> 3 | J13: =SUMIF('6 Distribuição'!$C$6:$C$404,"P1",'6 Distribuição'!$G$6:$G$404) -> 33 | K13: =SUMIF('6 Distribuição'!$C$6:$C$404,"P1",'6 Distribuição'!$H$6:$H$404) -> 38 | L13: =SUMIF('6 Distribuição'!$C$6:$C$404,"P1",'6 Distribuição'!$I$6:$I$404) -> 38 | M13: =COUNTIFS('6 Distribuição'!$C$6:$C$404,"P1",'6 Distribuição'!$I$6:$I$404,">0") -> 38
A14: Paraná | B14: =SUM(B6:B13) -> 399 | C14: =SUM(C6:C13) -> 698133 | D14: =SUM('1 Indicadores'!$F$6:$F$404)/C14 -> 0.26464585 | E14: =AVERAGE('5 PCM'!$D$6:$D$404) -> 55.056151 | F14: =AVERAGE('5 PCM'!$E$6:$E$404) -> 46.121363 | G14: =AVERAGE('5 PCM'!$F$6:$F$404) -> 41.778342 | H14: =AVERAGE('5 PCM'!$G$6:$G$404) -> 0.4795807 | I14: =SUM(I6:I13) -> 43 | J14: =SUM(J6:J13) -> 300 | K14: =SUM(K6:K13) -> 300 | L14: =SUM(L6:L13) -> 303 | M14: =SUM(M6:M13) -> 261
A16: Cobertura: matrículas em creche (2023) por criança de 0 a 4 anos (2022). Médias simples dos municípios da faixa.
